"country","code","population_size","world_bank_economies","date_tests_last_reported","TPR_pct","avg_daily_tests_per_1000_last_year_smoothed","dx_testing_binary"
"Afghanistan","AFG",38928000,"Low income","March 31, 2022",21.0128647717962,0.0406308942677454,"Does not meet testing target"
"Albania","ALB",2878000,"Upper middle income","March 23, 2022",12.1603519531164,1.16759831313602,"Meets testing target"
"Andorra","AND",77000,"High income","March 01, 2022",19.8793402317818,5.09102470230067,"Meets testing target"
"Angola","AGO",32866000,"Lower middle income","April 01, 2022",7.21548211478669,0.0889315602000318,"Does not meet testing target"
"Argentina","ARG",45196000,"Upper middle income","March 31, 2022",25.2454133187814,1.61073170495146,"Does not meet testing target"
"Armenia","ARM",2963000,"Upper middle income","April 01, 2022",10.8818237029488,1.9670585624529,"Meets testing target"
"Australia","AUS",25500000,"High income","April 01, 2022",8.8847670740217,5.45659188826215,"Meets testing target"
"Austria","AUT",9006000,"High income","April 01, 2022",2.12872316840475,46.1943681381362,"Meets testing target"
"Azerbaijan","AZE",10139000,"Upper middle income","April 01, 2022",13.8889640467001,1.03864880895282,"Meets testing target"
"Bahrain","BHR",1702000,"High income","April 01, 2022",6.77018696076074,9.75266970365243,"Meets testing target"
"Bangladesh","BGD",164689000,"Lower middle income","April 01, 2022",14.6909083864258,0.152847779421853,"Does not meet testing target"
"Barbados","BRB",287000,"High income","April 01, 2022",11.7608492503922,4.48454966350055,"Meets testing target"
"Belarus","BLR",9449000,"Upper middle income","April 01, 2022",8.55630424135174,2.17262390598701,"Meets testing target"
"Belgium","BEL",11590000,"High income","April 01, 2022",13.5035943599676,5.14435637713192,"Meets testing target"
"Belize","BLZ",398000,"Upper middle income","March 29, 2022",10.6286033985738,2.90372409995181,"Meets testing target"
"Benin","BEN",12123000,"Lower middle income","January 25, 2022",2.80672591266543,0.0806370122906871,"Does not meet testing target"
"Bhutan","BTN",772000,"Lower middle income","March 01, 2022",1.06570551421802,4.38832813148629,"Meets testing target"
"Bolivia","BOL",11673000,"Lower middle income","January 02, 2022",15.8354952100749,0.660206272048323,"Meets testing target"
"Bolivia","BOL",11673000,"Lower middle income","January 02, 2022",15.8354952100749,0.660206272048323,"Meets testing target"
"Bosnia and Herzegovina","BIH",3281000,"Upper middle income","April 01, 2022",30.0293982676533,0.582281546304376,"Does not meet testing target"
"Botswana","BWA",2352000,"Upper middle income","March 17, 2022",17.3056127415654,1.56267825827215,"Meets testing target"
"Brazil","BRA",212559000,"Upper middle income","March 11, 2022",40.5069278433088,0.558055005117887,"Does not meet testing target"
"Brunei","BRN",437000,"High income","December 14, 2021",2.73331762564502,4.89342545326527,"Meets testing target"
"Brunei","BRN",437000,"High income","December 14, 2021",2.73331762564502,4.89342545326527,"Meets testing target"
"Bulgaria","BGR",6948000,"Upper middle income","April 01, 2022",10.6933181715788,2.95652755104455,"Meets testing target"
"Burkina Faso","BFA",20903000,"Low income","March 09, 2022",5.18983179787378,0.0215087356575264,"Does not meet testing target"
"Burundi","BDI",11891000,"Low income","March 31, 2022",2.83287444038977,0.290623621180057,"Does not meet testing target"
"Cambodia","KHM",16719000,"Lower middle income","March 31, 2022",5.9573187796118,0.366552368030139,"Does not meet testing target"
"Cameroon","CMR",26546000,"Lower middle income","March 24, 2022",4.94588509262312,0.149182341763145,"Does not meet testing target"
"Canada","CAN",37742000,"High income","April 01, 2022",7.81238003968088,2.31649156529951,"Meets testing target"
"Cape Verde","CPV",556000,"Lower middle income","March 31, 2022",11.9276032039433,1.59948753326106,"Meets testing target"
"Central African Republic","CAF",4830000,"Low income","March 24, 2022",19.7437704714126,0.0273620919481551,"Does not meet testing target"
"Chad","TCD",16426000,"Low income","March 31, 2022",2.77533655574641,0.016701220417347,"Does not meet testing target"
"Chile","CHL",19116000,"High income","April 01, 2022",10.202921489401,3.4789647630759,"Meets testing target"
"Colombia","COL",50883000,"Upper middle income","March 31, 2022",17.3779950702645,1.14429886021087,"Meets testing target"
"Costa Rica","CRI",5094000,"Upper middle income","March 30, 2022",19.1577995162109,1.7420521591343,"Meets testing target"
"Croatia","HRV",4105000,"High income","March 31, 2022",26.3632886263651,2.09552600403784,"Does not meet testing target"
"Cuba","CUB",11327000,"Upper middle income","April 01, 2022",9.71242263212994,2.5285569333064,"Meets testing target"
"Czech Republic","CZE",10709000,"High income","April 01, 2022",5.38922223351672,10.8675442624754,"Meets testing target"
"Democratic Republic of the Congo","COD",89561000,"Low income","April 01, 2022",6.97813535032794,0.0257222711757029,"Does not meet testing target"
"Denmark","DNK",5792000,"High income","March 30, 2022",2.8129286982734,48.2206576856127,"Meets testing target"
"Djibouti","DJI",988000,"Lower middle income","April 01, 2022",4.72229978197459,0.46677666241473,"Does not meet testing target"
"Dominica","DMA",72000,"Upper middle income","December 28, 2021",5.8660703820249,5.62190794809408,"Meets testing target"
"Ecuador","ECU",17643000,"Upper middle income","February 01, 2022",31.1854995926389,0.244731034632032,"Does not meet testing target"
"Egypt","EGY",102334000,"Lower middle income","March 31, 2022",8.48847363883695,0.0956491917013079,"Does not meet testing target"
"El Salvador","SLV",6486000,"Lower middle income","March 18, 2022",9.48008607120799,0.437195454442511,"Does not meet testing target"
"Equatorial Guinea","GNQ",1403000,"Upper middle income","March 31, 2022",4.75888955754991,0.373163182612601,"Does not meet testing target"
"Estonia","EST",1327000,"High income","April 01, 2022",21.3760668558226,4.34118363596949,"Does not meet testing target"
"Eswatini","SWZ",1160000,"Lower middle income","April 01, 2022",15.3377106575061,0.806823334907889,"Meets testing target"
"Ethiopia","ETH",114964000,"Low income","April 01, 2022",11.5603418084122,0.0550487752449486,"Does not meet testing target"
"Fiji","FJI",896000,"Upper middle income","April 01, 2022",13.7519211818448,1.43043970156556,"Meets testing target"
"Finland","FIN",5541000,"High income","April 01, 2022",12.2021837883421,3.19668671645739,"Meets testing target"
"France","FRA",65274000,"High income","April 01, 2022",10.9818537585339,8.10942207369483,"Meets testing target"
"Gabon","GAB",2226000,"Upper middle income","March 31, 2022",2.96548563399661,1.18430626838484,"Meets testing target"
"Germany","DEU",83784000,"High income","March 29, 2022",25.508113528249,2.30008446376789,"Does not meet testing target"
"Ghana","GHA",31073000,"Lower middle income","March 31, 2022",4.93593572728583,0.126053848449674,"Does not meet testing target"
"Greece","GRC",10423000,"High income","April 01, 2022",4.06566948387712,17.6227082098468,"Meets testing target"
"Grenada","GRD",113000,"Upper middle income","January 23, 2022",11.5743950006725,2.8511209439528,"Meets testing target"
"Guatemala","GTM",17916000,"Upper middle income","April 01, 2022",19.9603835767791,0.484974324626033,"Does not meet testing target"
"Guinea","GIN",13133000,"Low income","March 24, 2022",6.26167070190735,0.0565219506417253,"Does not meet testing target"
"Guinea-Bissau","GNB",1968000,"Low income","March 31, 2022",6.35952515545506,0.0985076289119056,"Does not meet testing target"
"Guyana","GUY",787000,"Upper middle income","December 28, 2021",8.86743988822657,1.52016805943294,"Meets testing target"
"Guyana","GUY",787000,"Upper middle income","December 28, 2021",8.86743988822657,1.52016805943294,"Meets testing target"
"Guyana","GUY",787000,"Upper middle income","December 28, 2021",8.86743988822657,1.52016805943294,"Meets testing target"
"Guyana","GUY",787000,"Upper middle income","December 28, 2021",8.86743988822657,1.52016805943294,"Meets testing target"
"Honduras","HND",9905000,"Lower middle income","December 22, 2021",31.5697653247351,0.227592727930263,"Does not meet testing target"
"Hungary","HUN",9660000,"High income","April 01, 2022",18.439786292684,1.85680195127485,"Meets testing target"
"Iceland","ISL",341000,"High income","April 01, 2022",12.3580988983344,11.3055236411843,"Meets testing target"
"India","IND",1380004000,"Lower middle income","April 01, 2022",5.66134154119795,1.08445641193893,"Meets testing target"
"Indonesia","IDN",273524000,"Upper middle income","April 01, 2022",5.40878461169355,0.833769223726931,"Meets testing target"
"Iran","IRN",83993000,"Upper middle income","April 01, 2022",14.4607247213829,1.19332674330819,"Meets testing target"
"Iraq","IRQ",40223000,"Upper middle income","April 01, 2022",14.2804209421214,0.705887962281514,"Meets testing target"
"Ireland","IRL",4938000,"High income","April 01, 2022",15.6984992384568,4.3367149919273,"Meets testing target"
"Israel","ISR",8656000,"High income","January 23, 2022",4.55854384131645,12.5676290049291,"Meets testing target"
"Italy","ITA",60462000,"High income","April 01, 2022",7.2718445437031,6.82421804162741,"Meets testing target"
"Ivory Coast","CIV",26378000,"Lower middle income","April 01, 2022",4.00382080985736,0.0996013697591497,"Does not meet testing target"
"Ivory Coast","CIV",26378000,"Lower middle income","April 01, 2022",4.00382080985736,0.0996013697591497,"Does not meet testing target"
"Jamaica","JAM",2961000,"Upper middle income","December 26, 2021",12.9061565535891,0.520688062459026,"Meets testing target"
"Japan","JPN",126476000,"High income","April 01, 2022",19.2630736135362,0.673665088660494,"Meets testing target"
"Jordan","JOR",10203000,"Upper middle income","December 27, 2021",6.04751853670186,2.71955745257715,"Meets testing target"
"Kenya","KEN",53771000,"Lower middle income","April 01, 2022",9.41935895579353,0.103796082983061,"Does not meet testing target"
"Kuwait","KWT",4271000,"High income","March 10, 2022",6.90179082611622,3.87443884891113,"Meets testing target"
"Latvia","LVA",1886000,"High income","April 01, 2022",13.3962761871357,7.51686543964904,"Meets testing target"
"Lesotho","LSO",2142000,"Lower middle income","April 01, 2022",6.12977714923378,0.463062302546589,"Does not meet testing target"
"Libya","LBY",6871000,"Upper middle income","March 31, 2022",20.0965826185179,0.682352073335819,"Does not meet testing target"
"Libya","LBY",6871000,"Upper middle income","March 31, 2022",20.0965826185179,0.682352073335819,"Does not meet testing target"
"Lithuania","LTU",2722000,"High income","April 01, 2022",13.212531426399,6.13168399545057,"Meets testing target"
"Luxembourg","LUX",626000,"High income","April 01, 2022",8.56212044355548,7.73927524180489,"Meets testing target"
"Madagascar","MDG",27691000,"Low income","March 12, 2022",15.05694468554,0.0274990795382707,"Does not meet testing target"
"Malawi","MWI",19130000,"Low income","April 01, 2022",15.1608306188925,0.0492434603899777,"Does not meet testing target"
"Maldives","MDV",541000,"Upper middle income","November 09, 2021",6.35162631250619,8.45461491065927,"Meets testing target"
"Mali","MLI",20251000,"Low income","April 01, 2022",4.8359980220867,0.0574556439966097,"Does not meet testing target"
"Mauritania","MRT",4650000,"Lower middle income","March 31, 2022",6.08313443347414,0.395705405803506,"Does not meet testing target"
"Mexico","MEX",128933000,"Upper middle income","April 01, 2022",36.036462395247,0.201869506611111,"Does not meet testing target"
"Morocco","MAR",36911000,"Lower middle income","March 31, 2022",11.4899707454274,0.431529822011703,"Does not meet testing target"
"Mozambique","MOZ",31255000,"Low income","April 01, 2022",19.3090858883487,0.0717406749166709,"Does not meet testing target"
"Myanmar","MMR",54410000,"Lower middle income","April 01, 2022",9.20600578569975,0.256427278426357,"Does not meet testing target"
"Myanmar","MMR",54410000,"Lower middle income","April 01, 2022",9.20600578569975,0.256427278426357,"Does not meet testing target"
"Namibia","NAM",2541000,"Upper middle income","April 01, 2022",17.8204563998879,0.688456168157289,"Meets testing target"
"Nepal","NPL",29137000,"Lower middle income","April 01, 2022",21.4285670639118,0.307761209327123,"Does not meet testing target"
"Netherlands","NLD",17135000,"High income","January 25, 2022",16.7138703816998,3.31916355702766,"Meets testing target"
"New Zealand","NZL",4822000,"High income","April 01, 2022",12.7674622466819,2.8550962199508,"Meets testing target"
"Niger","NER",24207000,"Low income","March 31, 2022",2.51467665141219,0.0171388215001774,"Does not meet testing target"
"Nigeria","NGA",206140000,"Lower middle income","March 31, 2022",3.03338156536903,0.0406077130717121,"Does not meet testing target"
"North Macedonia","MKD",2083000,"Upper middle income","February 24, 2022",13.5684505236473,1.78650608193697,"Meets testing target"
"Norway","NOR",5421000,"High income","January 22, 2022",9.8144024690906,3.23510391583826,"Meets testing target"
"Pakistan","PAK",220892000,"Lower middle income","April 01, 2022",4.97270845684032,0.214718120477397,"Does not meet testing target"
"Palestine","PSE",5101000,"Lower middle income","February 03, 2022",19.9551001686166,0.975718146180277,"Meets testing target"
"West Bank and Gaza","PSE",5101000,"Lower middle income","February 03, 2022",19.9551001686166,0.975718146180277,"Meets testing target"
"Palestine","PSE",5101000,"Lower middle income","February 03, 2022",19.9551001686166,0.975718146180277,"Meets testing target"
"West Bank and Gaza","PSE",5101000,"Lower middle income","February 03, 2022",19.9551001686166,0.975718146180277,"Meets testing target"
"Panama","PAN",4315000,"High income","April 01, 2022",11.5257316075325,2.25731773520215,"Meets testing target"
"Papua New Guinea","PNG",8947000,"Lower middle income","November 28, 2021",16.044681253888,0.0846812834048229,"Does not meet testing target"
"Paraguay","PRY",7133000,"Upper middle income","March 27, 2022",25.5755180247098,0.660324360565238,"Does not meet testing target"
"Peru","PER",32972000,"Upper middle income","March 24, 2022",10.2963892925011,1.62353030134327,"Meets testing target"
"Philippines","PHL",109581000,"Lower middle income","March 31, 2022",15.6627228029248,0.470611556122931,"Does not meet testing target"
"Poland","POL",37847000,"High income","April 01, 2022",15.5473585860881,1.71412670554225,"Meets testing target"
"Portugal","PRT",10197000,"High income","April 01, 2022",8.8320072058339,8.30800678684706,"Meets testing target"
"Qatar","QAT",2881000,"High income","April 01, 2022",10.822574201556,1.60436492275798,"Meets testing target"
"Republic of the Congo","COG",5518000,"Lower middle income","March 12, 2022",5.26263851934154,0.135848307159135,"Does not meet testing target"
"Republic of the Congo","COG",5518000,"Lower middle income","March 12, 2022",5.26263851934154,0.135848307159135,"Does not meet testing target"
"Republic of the Congo","COG",5518000,"Lower middle income","March 12, 2022",5.26263851934154,0.135848307159135,"Does not meet testing target"
"Republic of the Congo","COG",5518000,"Lower middle income","March 12, 2022",5.26263851934154,0.135848307159135,"Does not meet testing target"
"Romania","ROU",19238000,"High income","March 10, 2022",12.9551293181443,2.13541900153057,"Meets testing target"
"Russia","RUS",145934000,"Upper middle income","April 01, 2022",7.93111243432061,3.09286401002067,"Meets testing target"
"Russia","RUS",145934000,"Upper middle income","April 01, 2022",7.93111243432061,3.09286401002067,"Meets testing target"
"Rwanda","RWA",12952000,"Low income","March 31, 2022",2.730931076814,0.837772766886375,"Meets testing target"
"Saint Kitts and Nevis","KNA",53000,"High income","April 01, 2022",9.84676858309995,2.8978547428276,"Meets testing target"
"Saint Lucia","LCA",184000,"Upper middle income","March 31, 2022",17.870711544703,1.55982727814175,"Meets testing target"
"San Marino","SMR",34000,"High income","March 22, 2022",11.6019252486049,7.34963738920226,"Meets testing target"
"São Tomé and Príncipe","STP",219000,"Lower middle income","March 28, 2022",14.9223875820131,0.312704072058548,"Does not meet testing target"
"Saudi Arabia","SAU",34814000,"High income","April 01, 2022",1.36520945884125,2.0849134067463,"Meets testing target"
"Senegal","SEN",16744000,"Lower middle income","April 01, 2022",7.82055584115896,0.0989856926873008,"Does not meet testing target"
"Serbia","SRB",8737000,"Upper middle income","April 01, 2022",23.987250762799,1.80847850661884,"Does not meet testing target"
"Sierra Leone","SLE",7977000,"Low income","March 16, 2022",1.41246603364577,0.089992976382442,"Does not meet testing target"
"Slovakia","SVK",5460000,"High income","April 01, 2022",6.68226873057035,12.957324501982,"Meets testing target"
"Slovenia","SVN",2079000,"High income","April 01, 2022",4.83643974027868,20.4006760362925,"Meets testing target"
"Somalia","SOM",15893000,"Low income","January 10, 2022",4.24567468458718,0.0678568852546352,"Does not meet testing target"
"South Africa","ZAF",59309000,"Upper middle income","April 01, 2022",15.5285358639916,0.645376097369777,"Meets testing target"
"South Korea","KOR",51269000,"High income","October 31, 2021",3.22634121580485,0.73863023139389,"Meets testing target"
"South Korea","KOR",51269000,"High income","October 31, 2021",3.22634121580485,0.73863023139389,"Meets testing target"
"South Sudan","SSD",11194000,"Low income","April 01, 2022",3.10790021153476,0.0559996671406649,"Does not meet testing target"
"Spain","ESP",46755000,"High income","November 15, 2021",6.69688872404812,2.47142815477753,"Meets testing target"
"Spain","ESP",46755000,"High income","November 15, 2021",6.69688872404812,2.47142815477753,"Meets testing target"
"Sri Lanka","LKA",21413000,"Lower middle income","April 01, 2022",11.0474701976469,0.659003076482152,"Meets testing target"
"Sudan","SDN",43849000,"Low income","October 27, 2021",2.73056450847696,0.0351451615471104,"Does not meet testing target"
"Switzerland","CHE",8655000,"High income","April 01, 2022",19.4592237652157,4.66509057239857,"Meets testing target"
"Taiwan","TWN",23817000,"High income","April 01, 2022",0.180561806286628,1.40399760502599,"Meets testing target"
"Taiwan","TWN",23817000,"High income","April 01, 2022",0.180561806286628,1.40399760502599,"Meets testing target"
"Thailand","THA",69800000,"Upper middle income","March 31, 2022",18.3427357247145,0.76508329081132,"Meets testing target"
"The Bahamas","BHS",393000,"High income","April 01, 2022",15.826106206214,1.07071002823382,"Meets testing target"
"The Gambia","GMB",2417000,"Low income","March 24, 2022",6.51393927346817,0.115633475842413,"Does not meet testing target"
"Togo","TGO",8279000,"Low income","April 01, 2022",6.01456787856668,0.147790663619953,"Does not meet testing target"
"Tunisia","TUN",11819000,"Lower middle income","March 31, 2022",22.8737304758509,0.793802641903506,"Does not meet testing target"
"Turkey","TUR",84339000,"Upper middle income","April 01, 2022",10.6496850149478,3.53342396561041,"Meets testing target"
"Uganda","UGA",45741000,"Low income","March 31, 2022",7.6271690629648,0.0966490001925673,"Does not meet testing target"
"Ukraine","UKR",43734000,"Lower middle income","February 18, 2022",28.2249893272485,0.789770548163311,"Does not meet testing target"
"United Arab Emirates","ARE",9890000,"High income","April 01, 2022",0.392899849601815,30.5609595966591,"Meets testing target"
"United Kingdom","GBR",67886000,"High income","April 01, 2022",4.49386065952632,15.068933776569,"Meets testing target"
"United States of America","USA",331003000,"High income","April 01, 2022",9.83717819330339,4.17298637238689,"Meets testing target"
"Uruguay","URY",3474000,"High income","March 31, 2022",16.8584848689623,3.67618946222822,"Meets testing target"
"Zambia","ZMB",18384000,"Lower middle income","April 01, 2022",10.8149482556016,0.315022592605839,"Does not meet testing target"
"Zimbabwe","ZWE",14863000,"Lower middle income","March 31, 2022",11.9855234127346,0.321740204368852,"Does not meet testing target"
